{
  "hash": "df11192e",
  "configHash": "7bf9b776",
  "lockfileHash": "ee445b54",
  "browserHash": "020a62be",
  "optimized": {
    "@angular/common": {
      "src": "../../../../../node_modules/@angular/common/fesm2022/common.mjs",
      "file": "@angular_common.js",
      "fileHash": "5169de7b",
      "needsInterop": false
    },
    "@angular/common/http": {
      "src": "../../../../../node_modules/@angular/common/fesm2022/http.mjs",
      "file": "@angular_common_http.js",
      "fileHash": "264d6f5e",
      "needsInterop": false
    },
    "@angular/core": {
      "src": "../../../../../node_modules/@angular/core/fesm2022/core.mjs",
      "file": "@angular_core.js",
      "fileHash": "0da9bf70",
      "needsInterop": false
    },
    "@angular/forms": {
      "src": "../../../../../node_modules/@angular/forms/fesm2022/forms.mjs",
      "file": "@angular_forms.js",
      "fileHash": "e8882774",
      "needsInterop": false
    },
    "@angular/material/form-field": {
      "src": "../../../../../node_modules/@angular/material/fesm2022/form-field.mjs",
      "file": "@angular_material_form-field.js",
      "fileHash": "346a4b0e",
      "needsInterop": false
    },
    "@angular/material/icon": {
      "src": "../../../../../node_modules/@angular/material/fesm2022/icon.mjs",
      "file": "@angular_material_icon.js",
      "fileHash": "aa1eb035",
      "needsInterop": false
    },
    "@angular/material/list": {
      "src": "../../../../../node_modules/@angular/material/fesm2022/list.mjs",
      "file": "@angular_material_list.js",
      "fileHash": "f01a0a09",
      "needsInterop": false
    },
    "@angular/material/sidenav": {
      "src": "../../../../../node_modules/@angular/material/fesm2022/sidenav.mjs",
      "file": "@angular_material_sidenav.js",
      "fileHash": "05ef58e5",
      "needsInterop": false
    },
    "@angular/material/toolbar": {
      "src": "../../../../../node_modules/@angular/material/fesm2022/toolbar.mjs",
      "file": "@angular_material_toolbar.js",
      "fileHash": "0e20b5ce",
      "needsInterop": false
    },
    "@angular/platform-browser": {
      "src": "../../../../../node_modules/@angular/platform-browser/fesm2022/platform-browser.mjs",
      "file": "@angular_platform-browser.js",
      "fileHash": "4d44969b",
      "needsInterop": false
    },
    "@angular/platform-browser/animations/async": {
      "src": "../../../../../node_modules/@angular/platform-browser/fesm2022/animations/async.mjs",
      "file": "@angular_platform-browser_animations_async.js",
      "fileHash": "d7d79811",
      "needsInterop": false
    },
    "@angular/router": {
      "src": "../../../../../node_modules/@angular/router/fesm2022/router.mjs",
      "file": "@angular_router.js",
      "fileHash": "c99ff9e2",
      "needsInterop": false
    },
    "rxjs": {
      "src": "../../../../../node_modules/rxjs/dist/esm5/index.js",
      "file": "rxjs.js",
      "fileHash": "0102da8e",
      "needsInterop": false
    }
  },
  "chunks": {
    "browser-WFK5PQIB": {
      "file": "browser-WFK5PQIB.js"
    },
    "chunk-5RR4LY36": {
      "file": "chunk-5RR4LY36.js"
    },
    "chunk-AJVV2JPI": {
      "file": "chunk-AJVV2JPI.js"
    },
    "chunk-R2CUZWPI": {
      "file": "chunk-R2CUZWPI.js"
    },
    "chunk-GJSHZQIO": {
      "file": "chunk-GJSHZQIO.js"
    },
    "chunk-SV36TQ4W": {
      "file": "chunk-SV36TQ4W.js"
    },
    "chunk-LSY3H5U7": {
      "file": "chunk-LSY3H5U7.js"
    },
    "chunk-RURLEJOV": {
      "file": "chunk-RURLEJOV.js"
    },
    "chunk-QEYWROO2": {
      "file": "chunk-QEYWROO2.js"
    },
    "chunk-YTR4LZ5T": {
      "file": "chunk-YTR4LZ5T.js"
    }
  }
}